{
  "project_info": {
    "project_number": "585325273879",
    "firebase_url": "https://fir-messa.firebaseio.com",
    "project_id": "fir-messa",
    "storage_bucket": "fir-messa.appspot.com"
  },
  "client": [
    {
      "client_info": {
        "mobilesdk_app_id": "1:585325273879:android:ff99a0b42daf5342e14d52",
        "android_client_info": {
          "package_name": "com.example.firebasemessa"
        }
      },
      "oauth_client": [
        {
          "client_id": "585325273879-kmi9foibnt2bd20hc604gdt1o7uhvr2e.apps.googleusercontent.com",
          "client_type": 1,
          "android_info": {
            "package_name": "com.example.firebasemessa",
            "certificate_hash": "ae0c8c859688f1a4bc5260ad49cfe8ac76bf1bdc"
          }
        },
        {
          "client_id": "585325273879-o08babkt5k6m5iglcanrvvg9ghdekvfm.apps.googleusercontent.com",
          "client_type": 3
        }
      ],
      "api_key": [
        {
          "current_key": "AIzaSyBsP1w24iSOy4O9nMQjqp__9O8ES-mrO0c"
        }
      ],
      "services": {
        "appinvite_service": {
          "other_platform_oauth_client": [
            {
              "client_id": "585325273879-o08babkt5k6m5iglcanrvvg9ghdekvfm.apps.googleusercontent.com",
              "client_type": 3
            }
          ]
        }
      }
    }
  ],
  "configuration_version": "1"
}